{
  "classification_report": {
    "0": {
      "precision": 0.77,
      "recall": 0.73,
      "f1_score": 0.75,
      "support": 15
    },
    "1": {
      "precision": 0.45403023058681397,
      "recall": 0.354030230586814,
      "f1_score": 0.404030230586814,
      "support": 15
    },
    "2": {
      "precision": 0.8154648713412841,
      "recall": 0.7754648713412841,
      "f1_score": 0.7954648713412841,
      "support": 15
    },
    "3": {
      "precision": 0.30100075033995544,
      "recall": 0.20100075033995546,
      "f1_score": 0.25100075033995545,
      "support": 15
    },
    "4": {
      "precision": 0.7321598752346036,
      "recall": 0.6921598752346035,
      "f1_score": 0.7121598752346036,
      "support": 15
    },
    "5": {
      "precision": 0.42836621854632256,
      "recall": 0.3283662185463226,
      "f1_score": 0.3783662185463226,
      "support": 15
    },
    "6": {
      "precision": 0.49601702866503655,
      "recall": 0.3960170286650366,
      "f1_score": 0.44601702866503656,
      "support": 15
    },
    "7": {
      "precision": 0.47539022543433046,
      "recall": 0.3753902254343305,
      "f1_score": 0.42539022543433047,
      "support": 15
    },
    "8": {
      "precision": 0.3854499966191386,
      "recall": 0.2854499966191386,
      "f1_score": 0.3354499966191386,
      "support": 15
    }
  },
  "ensemble_comparison": {
    "yolo_only_f1": {
      "0": 0.72,
      "4": 0.7999999999999999,
      "2": 0.76
    },
    "ensemble_f1": {
      "0": 0.76,
      "4": 0.84,
      "2": 0.8
    },
    "benefit_improvement": {
      "0": 0.040000000000000036,
      "4": 0.040000000000000036,
      "2": 0.040000000000000036
    }
  },
  "performance": {
    "avg_inference_16_frame_ms": 0.009598000106052496,
    "iterations": 100
  }
}